<?xml version="1.0" encoding="UTF-8"?>
<root>
  <item name="com.google.android.exoplayer2.extractor.mkv.DefaultEbmlReader elementState">
    <annotation name="android.support.annotation.IntDef">
      <val name="value" val="{com.google.android.exoplayer2.extractor.mkv.DefaultEbmlReader.ELEMENT_STATE_READ_ID, com.google.android.exoplayer2.extractor.mkv.DefaultEbmlReader.ELEMENT_STATE_READ_CONTENT_SIZE, com.google.android.exoplayer2.extractor.mkv.DefaultEbmlReader.ELEMENT_STATE_READ_CONTENT}" />
    </annotation>
  </item>
  <item name="com.google.android.exoplayer2.extractor.mkv.EbmlReaderOutput int getElementType(int)">
    <annotation name="android.support.annotation.IntDef">
      <val name="value" val="{com.google.android.exoplayer2.extractor.mkv.EbmlReaderOutput.TYPE_UNKNOWN, com.google.android.exoplayer2.extractor.mkv.EbmlReaderOutput.TYPE_MASTER, com.google.android.exoplayer2.extractor.mkv.EbmlReaderOutput.TYPE_UNSIGNED_INT, com.google.android.exoplayer2.extractor.mkv.EbmlReaderOutput.TYPE_STRING, com.google.android.exoplayer2.extractor.mkv.EbmlReaderOutput.TYPE_BINARY, com.google.android.exoplayer2.extractor.mkv.EbmlReaderOutput.TYPE_FLOAT}" />
    </annotation>
  </item>
  <item name="com.google.android.exoplayer2.extractor.mkv.EbmlReaderOutput.ElementType">
    <annotation name="android.support.annotation.IntDef">
      <val name="value" val="{com.google.android.exoplayer2.extractor.mkv.EbmlReaderOutput.TYPE_UNKNOWN, com.google.android.exoplayer2.extractor.mkv.EbmlReaderOutput.TYPE_MASTER, com.google.android.exoplayer2.extractor.mkv.EbmlReaderOutput.TYPE_UNSIGNED_INT, com.google.android.exoplayer2.extractor.mkv.EbmlReaderOutput.TYPE_STRING, com.google.android.exoplayer2.extractor.mkv.EbmlReaderOutput.TYPE_BINARY, com.google.android.exoplayer2.extractor.mkv.EbmlReaderOutput.TYPE_FLOAT}" />
    </annotation>
  </item>
  <item name="com.google.android.exoplayer2.extractor.mkv.MatroskaExtractor MatroskaExtractor(com.google.android.exoplayer2.extractor.mkv.EbmlReader, int) 1">
    <annotation name="android.support.annotation.IntDef">
      <val name="flag" val="true" />
      <val name="value" val="{com.google.android.exoplayer2.extractor.mkv.MatroskaExtractor.FLAG_DISABLE_SEEK_FOR_CUES}" />
    </annotation>
  </item>
  <item name="com.google.android.exoplayer2.extractor.mkv.MatroskaExtractor MatroskaExtractor(int) 0">
    <annotation name="android.support.annotation.IntDef">
      <val name="flag" val="true" />
      <val name="value" val="{com.google.android.exoplayer2.extractor.mkv.MatroskaExtractor.FLAG_DISABLE_SEEK_FOR_CUES}" />
    </annotation>
  </item>
  <item name="com.google.android.exoplayer2.extractor.mkv.MatroskaExtractor blockFlags">
    <annotation name="android.support.annotation.IntDef">
      <val name="flag" val="true" />
      <val name="value" val="{com.google.android.exoplayer2.C.BUFFER_FLAG_KEY_FRAME, com.google.android.exoplayer2.C.BUFFER_FLAG_END_OF_STREAM, com.google.android.exoplayer2.C.BUFFER_FLAG_ENCRYPTED, com.google.android.exoplayer2.C.BUFFER_FLAG_DECODE_ONLY}" />
    </annotation>
  </item>
  <item name="com.google.android.exoplayer2.extractor.mkv.MatroskaExtractor.Flags">
    <annotation name="android.support.annotation.IntDef">
      <val name="flag" val="true" />
      <val name="value" val="{com.google.android.exoplayer2.extractor.mkv.MatroskaExtractor.FLAG_DISABLE_SEEK_FOR_CUES}" />
    </annotation>
  </item>
  <item name="com.google.android.exoplayer2.extractor.mkv.MatroskaExtractor.Track colorRange">
    <annotation name="android.support.annotation.IntDef">
      <val name="value" val="{com.google.android.exoplayer2.Format.NO_VALUE, com.google.android.exoplayer2.C.COLOR_RANGE_LIMITED, com.google.android.exoplayer2.C.COLOR_RANGE_FULL}" />
    </annotation>
  </item>
  <item name="com.google.android.exoplayer2.extractor.mkv.MatroskaExtractor.Track colorSpace">
    <annotation name="android.support.annotation.IntDef">
      <val name="value" val="{com.google.android.exoplayer2.Format.NO_VALUE, com.google.android.exoplayer2.C.COLOR_SPACE_BT709, com.google.android.exoplayer2.C.COLOR_SPACE_BT601, com.google.android.exoplayer2.C.COLOR_SPACE_BT2020}" />
    </annotation>
  </item>
  <item name="com.google.android.exoplayer2.extractor.mkv.MatroskaExtractor.Track colorTransfer">
    <annotation name="android.support.annotation.IntDef">
      <val name="value" val="{com.google.android.exoplayer2.Format.NO_VALUE, com.google.android.exoplayer2.C.COLOR_TRANSFER_SDR, com.google.android.exoplayer2.C.COLOR_TRANSFER_ST2084, com.google.android.exoplayer2.C.COLOR_TRANSFER_HLG}" />
    </annotation>
  </item>
  <item name="com.google.android.exoplayer2.extractor.mkv.MatroskaExtractor.Track stereoMode">
    <annotation name="android.support.annotation.IntDef">
      <val name="value" val="{com.google.android.exoplayer2.Format.NO_VALUE, com.google.android.exoplayer2.C.STEREO_MODE_MONO, com.google.android.exoplayer2.C.STEREO_MODE_TOP_BOTTOM, com.google.android.exoplayer2.C.STEREO_MODE_LEFT_RIGHT, com.google.android.exoplayer2.C.STEREO_MODE_STEREO_MESH}" />
    </annotation>
  </item>
  <item name="com.google.android.exoplayer2.extractor.mkv.MatroskaExtractor.TrueHdSampleRechunker blockFlags">
    <annotation name="android.support.annotation.IntDef">
      <val name="flag" val="true" />
      <val name="value" val="{com.google.android.exoplayer2.C.BUFFER_FLAG_KEY_FRAME, com.google.android.exoplayer2.C.BUFFER_FLAG_END_OF_STREAM, com.google.android.exoplayer2.C.BUFFER_FLAG_ENCRYPTED, com.google.android.exoplayer2.C.BUFFER_FLAG_DECODE_ONLY}" />
    </annotation>
  </item>
  <item name="com.google.android.exoplayer2.extractor.mkv.MatroskaExtractor.TrueHdSampleRechunker void startSample(com.google.android.exoplayer2.extractor.ExtractorInput, int, int) 1">
    <annotation name="android.support.annotation.IntDef">
      <val name="flag" val="true" />
      <val name="value" val="{com.google.android.exoplayer2.C.BUFFER_FLAG_KEY_FRAME, com.google.android.exoplayer2.C.BUFFER_FLAG_END_OF_STREAM, com.google.android.exoplayer2.C.BUFFER_FLAG_ENCRYPTED, com.google.android.exoplayer2.C.BUFFER_FLAG_DECODE_ONLY}" />
    </annotation>
  </item>
</root>

