<?xml version="1.0" encoding="UTF-8"?>
<root>
  <item name="com.google.android.exoplayer2.source.hls.playlist.HlsMediaPlaylist HlsMediaPlaylist(int, java.lang.String, java.util.List&lt;java.lang.String&gt;, long, long, boolean, int, long, int, long, boolean, boolean, boolean, com.google.android.exoplayer2.drm.DrmInitData, java.util.List&lt;com.google.android.exoplayer2.source.hls.playlist.HlsMediaPlaylist.Segment&gt;) 0">
    <annotation name="android.support.annotation.IntDef">
      <val name="value" val="{com.google.android.exoplayer2.source.hls.playlist.HlsMediaPlaylist.PLAYLIST_TYPE_UNKNOWN, com.google.android.exoplayer2.source.hls.playlist.HlsMediaPlaylist.PLAYLIST_TYPE_VOD, com.google.android.exoplayer2.source.hls.playlist.HlsMediaPlaylist.PLAYLIST_TYPE_EVENT}" />
    </annotation>
  </item>
  <item name="com.google.android.exoplayer2.source.hls.playlist.HlsMediaPlaylist playlistType">
    <annotation name="android.support.annotation.IntDef">
      <val name="value" val="{com.google.android.exoplayer2.source.hls.playlist.HlsMediaPlaylist.PLAYLIST_TYPE_UNKNOWN, com.google.android.exoplayer2.source.hls.playlist.HlsMediaPlaylist.PLAYLIST_TYPE_VOD, com.google.android.exoplayer2.source.hls.playlist.HlsMediaPlaylist.PLAYLIST_TYPE_EVENT}" />
    </annotation>
  </item>
  <item name="com.google.android.exoplayer2.source.hls.playlist.HlsMediaPlaylist.PlaylistType">
    <annotation name="android.support.annotation.IntDef">
      <val name="value" val="{com.google.android.exoplayer2.source.hls.playlist.HlsMediaPlaylist.PLAYLIST_TYPE_UNKNOWN, com.google.android.exoplayer2.source.hls.playlist.HlsMediaPlaylist.PLAYLIST_TYPE_VOD, com.google.android.exoplayer2.source.hls.playlist.HlsMediaPlaylist.PLAYLIST_TYPE_EVENT}" />
    </annotation>
  </item>
  <item name="com.google.android.exoplayer2.source.hls.playlist.RenditionKey RenditionKey(int, int) 0">
    <annotation name="android.support.annotation.IntDef">
      <val name="value" val="{com.google.android.exoplayer2.source.hls.playlist.RenditionKey.TYPE_VARIANT, com.google.android.exoplayer2.source.hls.playlist.RenditionKey.TYPE_AUDIO, com.google.android.exoplayer2.source.hls.playlist.RenditionKey.TYPE_SUBTITLE}" />
    </annotation>
  </item>
  <item name="com.google.android.exoplayer2.source.hls.playlist.RenditionKey type">
    <annotation name="android.support.annotation.IntDef">
      <val name="value" val="{com.google.android.exoplayer2.source.hls.playlist.RenditionKey.TYPE_VARIANT, com.google.android.exoplayer2.source.hls.playlist.RenditionKey.TYPE_AUDIO, com.google.android.exoplayer2.source.hls.playlist.RenditionKey.TYPE_SUBTITLE}" />
    </annotation>
  </item>
  <item name="com.google.android.exoplayer2.source.hls.playlist.RenditionKey.Type">
    <annotation name="android.support.annotation.IntDef">
      <val name="value" val="{com.google.android.exoplayer2.source.hls.playlist.RenditionKey.TYPE_VARIANT, com.google.android.exoplayer2.source.hls.playlist.RenditionKey.TYPE_AUDIO, com.google.android.exoplayer2.source.hls.playlist.RenditionKey.TYPE_SUBTITLE}" />
    </annotation>
  </item>
</root>

