<?xml version="1.0" encoding="UTF-8"?>
<root>
  <item name="com.google.android.exoplayer2.source.chunk.ChunkExtractorWrapper.BindingTrackOutput void sampleMetadata(long, int, int, int, com.google.android.exoplayer2.extractor.TrackOutput.CryptoData) 1">
    <annotation name="android.support.annotation.IntDef">
      <val name="flag" val="true" />
      <val name="value" val="{com.google.android.exoplayer2.C.BUFFER_FLAG_KEY_FRAME, com.google.android.exoplayer2.C.BUFFER_FLAG_END_OF_STREAM, com.google.android.exoplayer2.C.BUFFER_FLAG_ENCRYPTED, com.google.android.exoplayer2.C.BUFFER_FLAG_DECODE_ONLY}" />
    </annotation>
  </item>
  <item name="com.google.android.exoplayer2.source.chunk.ChunkSampleStream int onLoadError(com.google.android.exoplayer2.source.chunk.Chunk, long, long, java.io.IOException)">
    <annotation name="android.support.annotation.IntDef">
      <val name="value" val="{com.google.android.exoplayer2.upstream.Loader.RETRY, com.google.android.exoplayer2.upstream.Loader.RETRY_RESET_ERROR_COUNT, com.google.android.exoplayer2.upstream.Loader.DONT_RETRY, com.google.android.exoplayer2.upstream.Loader.DONT_RETRY_FATAL}" />
    </annotation>
  </item>
</root>

